Purchase ID,SN,Age,Gender,Item ID,Item Name,Price,Age Range
0,Lisim78,20,Male,108,"Extraction, Quickblade Of Trembling Hands",3.53,19-22
1,Lisovynya38,40,Male,143,Frenzied Scimitar,1.56,39 and Up
2,Ithergue48,24,Male,92,Final Critic,4.88,23-26
3,Chamassasya86,24,Male,100,Blindscythe,3.27,23-26
4,Iskosia90,23,Male,131,Fury,1.44,19-22
5,Yalae81,22,Male,81,Dreamkiss,3.61,19-22
6,Itheria73,36,Male,169,"Interrogator, Blood Blade of the Queen",2.18,35-38
7,Iskjaskst81,20,Male,162,Abyssal Shard,2.67,19-22
8,Undjask33,22,Male,21,Souleater,1.1,19-22
9,Chanosian48,35,Other / Non-Disclosed,136,Ghastly Adamantite Protector,3.58,31-34
10,Inguron55,23,Male,95,Singed Onyx Warscythe,4.74,19-22
11,Haisrisuir60,23,Male,162,Abyssal Shard,2.67,19-22
12,Saelaephos52,21,Male,116,Renewed Skeletal Katana,4.18,19-22
13,Assjaskan73,22,Male,4,Bloodlord's Fetish,1.7,19-22
14,Saesrideu94,35,Male,165,Bone Crushing Silver Skewer,4.86,31-34
15,Lisassa64,21,Female,98,"Deadline, Voice Of Subtlety",2.89,19-22
16,Lisirra25,20,Male,40,Second Chance,2.52,19-22
17,Zontibe81,21,Male,161,Devine,1.76,19-22
18,Reunasu60,22,Female,82,Nirvana,4.9,19-22
19,Chamalo71,30,Male,89,"Blazefury, Protector of Delusions",4.64,27-30
20,Iathenudil29,20,Male,57,"Despair, Favor of Due Diligence",4.6,19-22
21,Phiarithdeu40,20,Male,168,"Sun Strike, Jaws of Twisted Visions",1.48,19-22
22,Siarithria38,38,Other / Non-Disclosed,24,Warped Fetish,3.81,35-38
23,Eyrian71,40,Male,151,Severance,3.4,39 and Up
24,Siala43,30,Male,132,Persuasion,3.19,27-30
25,Lisirra87,29,Male,178,"Oathbreaker, Last Hope of the Breaking Storm",4.23,27-30
26,Lirtossa84,11,Male,71,Demise,1.61,10-14
27,Eusri44,7,Male,96,Blood-Forged Skeletal Spine,3.09,Under 10
28,Aela59,21,Male,119,"Stormbringer, Dark Blade of Ending Misery",4.32,19-22
29,Tyida79,24,Male,37,"Shadow Strike, Glory of Ending Hope",3.16,23-26
30,Idai61,19,Male,140,Striker,2.94,15-18
31,Farusrian86,37,Male,179,"Wolf, Promise of the Moonwalker",4.48,35-38
32,Aeralria27,10,Male,133,Faith's Scimitar,4.09,Under 10
33,Haillyrgue51,7,Male,44,Bonecarvin Battle Axe,2.38,Under 10
34,Sondim73,19,Male,160,Azurewrath,4.4,15-18
35,Jeyciman68,22,Male,53,Vengeance Cleaver,2.05,19-22
36,Idaisuir85,30,Male,76,Haunted Bronzed Bludgeon,3.15,27-30
37,Seuthep89,8,Male,73,Ritual Mace,2.05,Under 10
38,Reulae52,10,Female,116,Renewed Skeletal Katana,4.18,Under 10
39,Sondilsaya62,21,Male,172,Blade of the Grave,3.14,19-22
40,Aerithriaphos45,20,Male,143,Frenzied Scimitar,1.56,19-22
41,Assosia88,20,Female,7,"Thorn, Satchel of Dark Souls",1.33,19-22
42,Aidaillodeu39,18,Male,72,Winter's Bite,3.77,15-18
43,Aelly27,24,Male,116,Renewed Skeletal Katana,4.18,23-26
44,Tyeosri53,24,Male,9,"Thorn, Conqueror of the Corrupted",2.73,23-26
45,Haerith37,23,Male,181,Reaper's Toll,1.66,19-22
46,Yasrisu92,27,Male,102,Avenger,3.44,23-26
47,Chanuchi25,20,Male,170,Shadowsteel,3.97,19-22
48,Asur96,20,Male,138,"Peacekeeper, Wit of Dark Magic",4.74,19-22
49,Iaralrgue74,33,Male,110,Suspension,1.44,31-34
50,Saelaephos52,21,Male,22,Amnesia,2.18,19-22
51,Chanosia34,22,Male,15,Soul Infused Crystal,2.96,19-22
52,Aelin32,20,Male,60,Wolf,3.54,19-22
53,Ilosianya35,32,Male,176,Relentless Iron Skewer,2.84,31-34
54,Zhisrisu83,10,Male,25,Hero Cane,4.35,Under 10
55,Phaelap26,25,Female,84,Arcane Gem,3.79,23-26
56,Raesty92,12,Male,108,"Extraction, Quickblade Of Trembling Hands",3.53,10-14
57,Palyon91,21,Male,80,Dreamsong,3.39,19-22
58,Tyisur83,23,Male,152,Darkheart,1.74,19-22
59,Yaliru88,19,Male,105,Hailstorm Shadowsteel Scythe,3.03,15-18
60,Yadanu52,34,Male,44,Bonecarvin Battle Axe,2.38,31-34
61,Jiskimya77,17,Male,178,"Oathbreaker, Last Hope of the Breaking Storm",4.23,15-18
62,Yadaphos40,30,Male,178,"Oathbreaker, Last Hope of the Breaking Storm",4.23,27-30
63,Alo38,20,Male,125,Whistling Mithril Warblade,1.0,19-22
64,Phaena87,20,Male,56,Foul Titanium Battle Axe,2.92,19-22
65,Chamirraya83,25,Male,34,Retribution Axe,2.22,23-26
66,Chanastsda67,21,Female,6,Rusty Skull,3.7,19-22
67,Lisim78,20,Male,138,"Peacekeeper, Wit of Dark Magic",4.74,19-22
68,Indonmol95,15,Male,27,"Riddle, Tribute of Ended Dreams",3.3,10-14
69,Jiskossa61,24,Male,37,"Shadow Strike, Glory of Ending Hope",3.16,23-26
70,Pheodai94,29,Male,143,Frenzied Scimitar,1.56,27-30
71,Hari50,20,Female,29,"Chaos, Ender of the End",1.98,19-22
72,Marilsa69,25,Female,178,"Oathbreaker, Last Hope of the Breaking Storm",4.23,23-26
73,Assistasda42,21,Male,68,"Storm-Weaver, Slayer of Inception",4.32,19-22
74,Lisosia93,25,Male,89,"Blazefury, Protector of Delusions",4.64,23-26
75,Philodil43,33,Male,124,Venom Claymore,1.29,31-34
76,Mindadaran26,13,Female,88,"Emberling, Defender of Delusions",3.75,10-14
77,Lirtosia63,34,Male,20,Netherbane,3.27,31-34
78,Haillyrgue51,7,Male,50,Dawn,4.6,Under 10
79,Assjaskan56,26,Male,15,Soul Infused Crystal,2.96,23-26
80,Irithlis29,23,Male,165,Bone Crushing Silver Skewer,4.86,19-22
81,Heudai45,8,Female,174,Primitive Blade,3.47,Under 10
82,Haerithp41,16,Other / Non-Disclosed,160,Azurewrath,4.4,15-18
83,Aina42,25,Male,12,Dawne,1.02,23-26
84,Jiskjask60,21,Female,34,Retribution Axe,2.22,19-22
85,Umolrian85,32,Female,33,Curved Axe,1.16,31-34
86,Qarirwen82,33,Male,129,"Fate, Vengeance of Eternal Justice",1.54,31-34
87,Aelin32,20,Male,151,Severance,3.4,19-22
88,Laedallo55,30,Male,82,Nirvana,4.9,27-30
89,Eoralrap26,22,Male,17,"Lazarus, Terror of the Earth",1.7,19-22
90,Undosian34,21,Male,60,Wolf,3.54,19-22
91,Chadolyla44,20,Male,59,"Lightning, Etcher of the King",4.23,19-22
92,Chadistaya75,21,Female,39,"Betrayal, Whisper of Grieving Widows",3.94,19-22
93,Yathedeu43,22,Male,88,"Emberling, Defender of Delusions",3.75,19-22
94,Aina43,19,Male,96,Blood-Forged Skeletal Spine,3.09,15-18
95,Ilassast39,18,Male,164,Exiled Doomblade,1.63,15-18
96,Lisassala98,16,Male,56,Foul Titanium Battle Axe,2.92,15-18
97,Aiduecal76,20,Male,134,Undead Crusader,4.5,19-22
98,Chadossa89,23,Male,132,Persuasion,3.19,19-22
99,Haisrisuir60,23,Male,92,Final Critic,4.19,19-22
100,Pheodaisun84,30,Male,12,Dawne,1.02,27-30
101,Heollyriap59,21,Male,174,Primitive Blade,3.47,19-22
102,Maropast28,24,Male,109,"Downfall, Scalpel Of The Emperor",4.76,23-26
103,Frichim77,24,Male,7,"Thorn, Satchel of Dark Souls",1.33,23-26
104,Thryallym62,24,Male,53,Vengeance Cleaver,2.05,23-26
105,Eulanurin88,27,Male,10,Sleepwalker,1.79,23-26
106,Lassjaskan73,22,Male,54,Eternal Cleaver,2.5,19-22
107,Tyaerith73,36,Male,99,"Expiration, Warscythe Of Lost Worlds",1.71,35-38
108,Sondadarya58,19,Male,85,Malificent Bag,1.75,15-18
109,Hirirap39,22,Male,33,Curved Axe,1.16,19-22
110,Ririp86,25,Male,139,"Mercy, Katana of Dismay",4.94,23-26
111,Sundim98,21,Other / Non-Disclosed,41,Orbit,4.75,19-22
112,Iskichinya81,21,Female,7,"Thorn, Satchel of Dark Souls",1.33,19-22
113,Phyali88,15,Female,140,Striker,2.94,10-14
114,Undirrala66,22,Male,150,Deathraze,2.85,19-22
115,Nitherian58,28,Male,13,Serenity,1.41,27-30
116,Lassilsala30,21,Male,139,"Mercy, Katana of Dismay",4.94,19-22
117,Frichaststa61,21,Female,117,"Heartstriker, Legacy of the Light",1.79,19-22
118,Pheodaisun84,30,Male,78,"Glimmer, Ender of the Moon",4.4,27-30
119,Frichosia58,15,Female,87,"Deluge, Edge of the West",4.43,10-14
120,Lisosia93,25,Male,24,Warped Fetish,3.81,23-26
121,Ilosia37,23,Male,1,Crucifer,3.26,19-22
122,Lisista27,16,Male,174,Primitive Blade,3.47,15-18
123,Seudaillorap38,27,Male,81,Dreamkiss,3.61,23-26
124,Aesty53,21,Male,150,Deathraze,2.85,19-22
125,Yathecal82,20,Female,62,Piece Maker,1.87,19-22
126,Frichim77,24,Male,75,Brutality Ivory Warmace,2.42,23-26
127,Lisossanya98,37,Male,102,Avenger,3.44,35-38
128,Iral74,21,Male,58,"Freak's Bite, Favor of Holy Might",4.14,19-22
129,Lisast87,19,Male,74,Yearning Crusher,4.18,15-18
130,Maridisya31,25,Male,120,Agatha,3.08,23-26
131,Jiskassa76,22,Male,62,Piece Maker,1.87,19-22
132,Inguron55,23,Male,145,Fiery Glass Crusader,4.58,19-22
133,Phaena87,20,Male,0,Splinter,1.28,19-22
134,Phyali88,15,Female,2,Verdict,2.48,10-14
135,Ethriel85,30,Male,146,Warped Iron Scimitar,3.1,27-30
136,Iskirra45,22,Male,105,Hailstorm Shadowsteel Scythe,3.03,19-22
137,Iri67,20,Male,179,"Wolf, Promise of the Moonwalker",4.48,19-22
138,Rarallo90,33,Male,136,Ghastly Adamantite Protector,3.58,31-34
139,Lisasi93,13,Male,158,"Darkheart, Butcher of the Champion",2.45,10-14
140,Hari50,20,Female,8,"Purgatory, Gem of Regret",3.93,19-22
141,Zhisrisu83,10,Male,60,Wolf,3.54,Under 10
142,Adastirin33,35,Female,175,Woeful Adamantite Claymore,4.48,31-34
143,Eyista89,34,Male,124,Venom Claymore,1.29,31-34
144,Ili43,18,Male,22,Amnesia,2.18,15-18
145,Chamirra53,23,Male,46,Hopeless Ebon Dualblade,1.33,19-22
146,Aidaillodeu39,18,Male,133,Faith's Scimitar,4.09,15-18
147,Hailaphos89,35,Male,24,Warped Fetish,3.81,31-34
148,Iskadarya95,20,Male,148,"Warmonger, Gift of Suffering's End",4.03,19-22
149,Qilatista90,17,Male,161,Devine,1.76,15-18
150,Inasti31,17,Male,0,Splinter,1.28,15-18
151,Marilsanya48,25,Male,105,Hailstorm Shadowsteel Scythe,3.03,23-26
152,Marjask87,20,Male,110,Suspension,1.44,19-22
153,Chanjaskan89,21,Male,164,Exiled Doomblade,1.63,19-22
154,Hyaduesu61,20,Male,59,"Lightning, Etcher of the King",4.23,19-22
155,Aillyrin83,10,Female,98,"Deadline, Voice Of Subtlety",2.89,Under 10
156,Eyrian71,40,Male,117,"Heartstriker, Legacy of the Light",1.79,39 and Up
157,Marast30,18,Female,108,"Extraction, Quickblade Of Trembling Hands",3.53,15-18
158,Sundadar27,31,Male,111,Misery's End,4.89,27-30
159,Tyaelorap29,25,Male,39,"Betrayal, Whisper of Grieving Widows",3.94,23-26
160,Lirtimst73,24,Male,44,Bonecarvin Battle Axe,2.38,23-26
161,Iri67,20,Male,3,Phantomlight,2.49,19-22
162,Styaduen40,17,Male,181,Reaper's Toll,1.66,15-18
163,Sidap51,11,Male,65,Conqueror Adamantite Mace,4.24,10-14
164,Chanastst38,22,Male,96,Blood-Forged Skeletal Spine,3.09,19-22
165,Lirtassa52,15,Male,183,Dragon's Greatsword,1.09,10-14
166,Sondim68,22,Female,30,Stormcaller,2.21,19-22
167,Aeral97,23,Male,157,"Spada, Etcher of Hatred",4.8,19-22
168,Iskjaskst81,20,Male,85,Malificent Bag,1.75,19-22
169,Heosurnuru52,16,Female,123,Twilight's Carver,2.28,15-18
170,Lisopela58,22,Male,75,Brutality Ivory Warmace,2.42,19-22
171,Caesrinusuir82,30,Male,102,Avenger,3.44,27-30
172,Tyirinu79,21,Male,65,Conqueror Adamantite Mace,4.24,19-22
173,Fironon91,30,Male,5,Putrid Fan,4.08,27-30
174,Lassjask63,30,Male,144,Blood Infused Guardian,1.94,27-30
175,Indcil77,17,Male,103,Singed Scalpel,4.35,15-18
176,Chamimla73,17,Male,157,"Spada, Etcher of Hatred",4.8,15-18
177,Syathe73,30,Female,135,Warped Diamond Crusader,1.4,27-30
178,Baelollodeu94,20,Female,57,"Despair, Favor of Due Diligence",4.6,19-22
179,Mindista32,24,Male,59,"Lightning, Etcher of the King",4.23,23-26
180,Saena74,24,Male,95,Singed Onyx Warscythe,4.74,23-26
181,Marirrasta50,16,Male,51,Endbringer,4.66,15-18
182,Lamil79,38,Male,154,Feral Katana,4.4,35-38
183,Aenarap34,21,Male,15,Soul Infused Crystal,2.96,19-22
184,Aisur51,28,Male,32,Orenmir,1.14,27-30
185,Thrientossa55,20,Male,150,Deathraze,2.85,19-22
186,Chadista79,30,Male,77,"Piety, Guardian of Riddles",4.0,27-30
187,Tyeurith29,8,Male,11,Brimstone,3.65,Under 10
188,Malunil62,18,Male,88,"Emberling, Defender of Delusions",3.75,15-18
189,Hiasri33,23,Male,63,Stormfury Mace,4.99,19-22
190,Lisadar44,27,Male,69,"Frenzy, Defender of the Harvest",1.98,23-26
191,Frichjask31,23,Male,87,"Deluge, Edge of the West",4.43,19-22
192,Lisjaskya84,25,Male,98,"Deadline, Voice Of Subtlety",2.89,23-26
193,Ristydru66,27,Male,62,Piece Maker,1.87,23-26
194,Frichast28,20,Male,73,Ritual Mace,2.05,19-22
195,Minduri31,39,Male,113,Solitude's Reaver,4.07,35-38
196,Maradaran90,35,Female,9,"Thorn, Conqueror of the Corrupted",2.73,31-34
197,Mindetosya30,24,Male,37,"Shadow Strike, Glory of Ending Hope",3.16,23-26
198,Chadolyla44,20,Male,153,Mercenary Sabre,3.74,19-22
199,Ialallo29,15,Female,138,"Peacekeeper, Wit of Dark Magic",4.74,10-14
200,Pheusrical25,23,Male,114,Yearning Mageblade,3.82,19-22
201,Chanosia60,31,Male,2,Verdict,2.48,27-30
202,Phistym51,37,Male,82,Nirvana,4.9,35-38
203,Aelollo59,33,Male,3,Phantomlight,2.49,31-34
204,Chamimla85,16,Male,0,Splinter,1.28,15-18
205,Jiskimya77,17,Male,149,"Tranquility, Razor of Black Magic",1.75,15-18
206,Haisurra41,20,Female,78,"Glimmer, Ender of the Moon",4.4,19-22
207,Sondastsda82,24,Male,145,Fiery Glass Crusader,4.58,23-26
208,Qilanrion65,37,Male,105,Hailstorm Shadowsteel Scythe,3.03,35-38
209,Eulasuir89,22,Male,162,Abyssal Shard,2.67,19-22
210,Umolrian85,32,Female,136,Ghastly Adamantite Protector,3.58,31-34
211,Eosrirgue62,17,Male,120,Agatha,3.08,15-18
212,Shaidanu32,23,Male,159,"Oathbreaker, Spellblade of Trials",3.08,19-22
213,Lirtastan49,29,Male,2,Verdict,2.48,27-30
214,Iaralsuir44,23,Male,137,"Aetherius, Boon of the Blessed",3.39,19-22
215,Ialallo29,15,Female,40,Second Chance,2.52,10-14
216,Tyeudariasuir90,21,Male,136,Ghastly Adamantite Protector,3.58,19-22
217,Cosadar58,38,Male,25,Hero Cane,4.35,35-38
218,Aelastirin39,23,Male,76,Haunted Bronzed Bludgeon,3.15,19-22
219,Aidai53,19,Male,57,"Despair, Favor of Due Diligence",4.6,15-18
220,Jiskjask85,40,Male,46,Hopeless Ebon Dualblade,1.33,39 and Up
221,Ealrion88,30,Male,175,Woeful Adamantite Claymore,4.48,27-30
222,Chamjask73,22,Female,178,"Oathbreaker, Last Hope of the Breaking Storm",4.23,19-22
223,Undirrala66,22,Male,142,Righteous Might,2.62,19-22
224,Lisosia93,25,Male,157,"Spada, Etcher of Hatred",4.8,23-26
225,Tyaenasti87,24,Female,154,Feral Katana,4.4,23-26
226,Alim85,25,Male,54,Eternal Cleaver,2.5,23-26
227,Haeladil46,18,Male,24,Warped Fetish,3.81,15-18
228,Jiskirran77,20,Other / Non-Disclosed,80,Dreamsong,3.39,19-22
229,Undosia27,17,Male,72,Winter's Bite,3.77,15-18
230,Peorith44,24,Male,102,Avenger,3.44,23-26
231,Yarithsurgue62,26,Male,139,"Mercy, Katana of Dismay",4.94,23-26
232,Sundadar27,31,Male,114,Yearning Mageblade,3.82,27-30
233,Taeduenu92,19,Female,66,Victor Iron Spikes,4.4,15-18
234,Chamimla85,16,Male,97,"Swan Song, Gouger Of Terror",2.5,15-18
235,Rairin89,24,Male,163,Thunderfury Scimitar,3.45,23-26
236,Aerithriaphos46,16,Male,107,"Splitter, Foe Of Subtlety",2.18,15-18
237,Idairin51,20,Other / Non-Disclosed,16,Restored Bauble,3.55,19-22
238,Lisista54,21,Male,42,The Decapitator,1.75,19-22
239,Eodailis27,30,Male,19,"Pursuit, Cudgel of Necromancy",1.02,27-30
240,Lirtastsda29,16,Male,82,Nirvana,4.9,15-18
241,Undilsan50,22,Male,10,Sleepwalker,1.79,19-22
242,Eodaisu60,16,Other / Non-Disclosed,39,"Betrayal, Whisper of Grieving Widows",3.94,15-18
243,Quaranmol58,24,Male,83,Lifebender,3.33,23-26
244,Lirtossa60,24,Male,37,"Shadow Strike, Glory of Ending Hope",3.16,23-26
245,Lisim78,20,Male,85,Malificent Bag,1.75,19-22
246,Lirtilsa71,24,Male,139,"Mercy, Katana of Dismay",4.94,23-26
247,Iskadarya95,20,Male,82,Nirvana,4.9,19-22
248,Isursuir31,44,Male,137,"Aetherius, Boon of the Blessed",3.39,39 and Up
249,Sundirrala66,20,Male,16,Restored Bauble,3.55,19-22
250,Saerallora71,23,Male,87,"Deluge, Edge of the West",4.43,19-22
251,Iasur80,22,Male,1,Crucifer,1.99,19-22
252,Tyaelo67,39,Male,92,Final Critic,4.88,35-38
253,Aesty53,21,Male,28,"Flux, Destroyer of Due Diligence",1.06,19-22
254,Quanunwen42,23,Female,94,Mourning Blade,3.49,19-22
255,Sondastsda82,24,Male,71,Demise,1.61,23-26
256,Chamirra53,23,Male,182,Toothpick,4.03,19-22
257,Yasur35,26,Male,175,Woeful Adamantite Claymore,4.48,23-26
258,Assehoan67,26,Male,149,"Tranquility, Razor of Black Magic",1.75,23-26
259,Haellysu29,20,Male,72,Winter's Bite,3.77,19-22
260,Saida58,16,Male,70,Hope's End,1.03,15-18
261,Tyeosri53,24,Male,132,Persuasion,3.19,23-26
262,Chamadar79,15,Male,172,Blade of the Grave,3.14,10-14
263,Aeral43,24,Male,78,"Glimmer, Ender of the Moon",4.4,23-26
264,Saesrideu94,35,Male,119,"Stormbringer, Dark Blade of Ending Misery",4.32,31-34
265,Lirtirra37,25,Male,172,Blade of the Grave,3.14,23-26
266,Siala43,30,Male,113,Solitude's Reaver,4.07,27-30
267,Tyidaim51,16,Female,41,Orbit,4.75,15-18
268,Inasti31,17,Male,71,Demise,1.61,15-18
269,Lassassast73,15,Male,18,"Torchlight, Bond of Storms",4.65,10-14
270,Assassasta79,38,Male,85,Malificent Bag,1.75,35-38
271,Heollyra92,22,Male,166,Thirsty Iron Reaver,3.07,19-22
272,Anallorgue57,8,Male,133,Faith's Scimitar,4.09,Under 10
273,Phyali88,15,Female,92,Final Critic,4.88,10-14
274,Aerithllora36,29,Female,82,Nirvana,4.9,27-30
275,Smaistysu35,30,Male,173,Stormfury Longsword,4.93,27-30
276,Tyidaim51,16,Female,9,"Thorn, Conqueror of the Corrupted",2.73,15-18
277,Ennalmol65,24,Male,92,Final Critic,4.88,23-26
278,Iskichinya81,21,Female,167,"Malice, Legacy of the Queen",3.61,19-22
279,Yarithrgue83,20,Male,163,Thunderfury Scimitar,3.45,19-22
280,Yana46,20,Female,16,Restored Bauble,3.55,19-22
281,Sondimla25,19,Male,68,"Storm-Weaver, Slayer of Inception",4.32,15-18
282,Aidai61,21,Male,155,War-Forged Gold Deflector,1.01,19-22
283,Wailin72,21,Female,9,"Thorn, Conqueror of the Corrupted",2.73,19-22
284,Firan91,24,Male,128,"Blazeguard, Reach of Eternity",4.91,23-26
285,Alaesu91,26,Male,163,Thunderfury Scimitar,3.45,23-26
286,Aellynun67,25,Male,153,Mercenary Sabre,3.74,23-26
287,Rilaera56,20,Male,5,Putrid Fan,4.08,19-22
288,Eulaestira36,18,Male,156,Soul-Forged Steel Shortsword,1.77,15-18
289,Marim28,25,Female,83,Lifebender,3.33,23-26
290,Idastidru52,24,Male,147,"Hellreaver, Heirloom of Inception",4.93,23-26
291,Idairin51,20,Other / Non-Disclosed,35,Heartless Bone Dualblade,3.45,19-22
292,Lisasi93,13,Male,70,Hope's End,1.03,10-14
293,Lisopela58,22,Male,117,"Heartstriker, Legacy of the Light",1.79,19-22
294,Ilirrasda54,37,Male,171,Scalpel,1.79,35-38
295,Alaephos75,23,Male,52,Hatred,4.84,19-22
296,Syalollorap93,22,Female,65,Conqueror Adamantite Mace,4.24,19-22
297,Heosurnuru52,16,Female,169,"Interrogator, Blood Blade of the Queen",2.18,15-18
298,Minduli80,25,Male,110,Suspension,1.44,23-26
299,Lirtossa84,11,Male,164,Exiled Doomblade,1.63,10-14
300,Chanastya70,22,Male,136,Ghastly Adamantite Protector,3.58,19-22
301,Frichadaran88,25,Male,106,Crying Steel Sickle,3.41,23-26
302,Siallylis44,20,Male,4,Bloodlord's Fetish,1.7,19-22
303,Aeri84,24,Male,71,Demise,1.61,23-26
304,Iasursti71,24,Male,181,Reaper's Toll,1.66,23-26
305,Siallylis44,20,Male,179,"Wolf, Promise of the Moonwalker",4.48,19-22
306,Mindilsa34,24,Female,38,"The Void, Vengeance of Dark Magic",2.37,23-26
307,Chamastya76,34,Male,53,Vengeance Cleaver,2.05,31-34
308,Undirra73,34,Male,98,"Deadline, Voice Of Subtlety",2.89,31-34
309,Aestysu37,25,Male,170,Shadowsteel,3.97,23-26
310,Chadadarla74,30,Male,117,"Heartstriker, Legacy of the Light",1.79,27-30
311,Anallorgue57,8,Male,71,Demise,1.61,Under 10
312,Strithenu87,20,Male,147,"Hellreaver, Heirloom of Inception",4.93,19-22
313,Iasrira89,23,Male,182,Toothpick,4.03,19-22
314,Ialidru40,24,Male,37,"Shadow Strike, Glory of Ending Hope",3.16,23-26
315,Tyisur83,23,Male,107,"Splitter, Foe Of Subtlety",2.18,19-22
316,Tyalaesu89,25,Male,15,Soul Infused Crystal,2.96,23-26
317,Tyidainu31,18,Female,3,Phantomlight,2.49,15-18
318,Iskadarya95,20,Male,91,Celeste,4.17,19-22
319,Rarallo90,33,Male,144,Blood Infused Guardian,1.94,31-34
320,Lirtilsa72,24,Male,77,"Piety, Guardian of Riddles",4.0,23-26
321,Undjaskla97,33,Male,118,"Ghost Reaver, Longsword of Magic",2.17,31-34
322,Saedaiphos46,18,Male,37,"Shadow Strike, Glory of Ending Hope",3.16,15-18
323,Tyisur83,23,Male,131,Fury,1.44,19-22
324,Aerithnucal56,15,Male,154,Feral Katana,4.4,10-14
325,Hiasri33,23,Male,54,Eternal Cleaver,2.5,19-22
326,Lisossa46,25,Male,54,Eternal Cleaver,2.5,23-26
327,Layjask75,22,Female,17,"Lazarus, Terror of the Earth",1.7,19-22
328,Lisista63,17,Male,152,Darkheart,1.74,15-18
329,Ceoral34,20,Male,145,Fiery Glass Crusader,4.58,19-22
330,Hilaerin92,23,Male,167,"Malice, Legacy of the Queen",3.61,19-22
331,Chadilsasta32,23,Male,7,"Thorn, Satchel of Dark Souls",1.33,19-22
332,Undassa89,25,Male,161,Devine,1.76,23-26
333,Iduenu77,17,Female,114,Yearning Mageblade,3.82,15-18
334,Lisosia66,21,Male,11,Brimstone,3.65,19-22
335,Undimsya85,33,Male,67,"Celeste, Incarnation of the Corrupted",3.46,31-34
336,Phaedue89,22,Female,45,Glinting Glass Edge,3.85,19-22
337,Yadacal26,15,Male,17,"Lazarus, Terror of the Earth",1.7,10-14
338,Lisossa25,22,Male,13,Serenity,1.41,19-22
339,Ilmol66,8,Female,124,Venom Claymore,1.29,Under 10
340,Yastyriaphos75,22,Male,41,Orbit,4.75,19-22
341,Hiasurria41,41,Male,71,Demise,1.61,39 and Up
342,Palatyon26,21,Male,38,"The Void, Vengeance of Dark Magic",2.37,19-22
343,Chadilsasta32,23,Male,49,"The Oculus, Token of Lost Worlds",2.96,19-22
344,Qilalista41,23,Male,19,"Pursuit, Cudgel of Necromancy",1.02,19-22
345,Hada39,19,Male,2,Verdict,2.48,15-18
346,Saedaiphos46,18,Male,121,Massacre,1.6,15-18
347,Chamilsala65,23,Female,11,Brimstone,3.65,19-22
348,Eulaestira36,18,Male,38,"The Void, Vengeance of Dark Magic",2.37,15-18
349,Sundirrala66,20,Male,59,"Lightning, Etcher of the King",4.23,19-22
350,Rairith81,15,Other / Non-Disclosed,34,Retribution Axe,2.22,10-14
351,Assistasda42,21,Male,121,Massacre,1.6,19-22
352,Ilarin91,22,Male,79,"Alpha, Oath of Zeal",4.05,19-22
353,Ryanara76,25,Male,174,Primitive Blade,3.47,23-26
354,Undista85,21,Male,163,Thunderfury Scimitar,3.45,19-22
355,Tyeoralru41,15,Male,140,Striker,2.94,10-14
356,Pheosrinudeu70,20,Male,138,"Peacekeeper, Wit of Dark Magic",4.74,19-22
357,Heuli25,23,Female,37,"Shadow Strike, Glory of Ending Hope",3.16,19-22
358,Pheutherin27,24,Male,74,Yearning Crusher,4.18,23-26
359,Chadirra90,18,Male,73,Ritual Mace,2.05,15-18
360,Ali84,29,Male,14,Possessed Core,2.61,27-30
361,Frichjaskan98,25,Male,19,"Pursuit, Cudgel of Necromancy",1.02,23-26
362,Malil90,22,Male,107,"Splitter, Foe Of Subtlety",2.18,19-22
363,Aina42,25,Male,45,Glinting Glass Edge,3.85,23-26
364,Yarithllodeu72,22,Male,88,"Emberling, Defender of Delusions",3.75,19-22
365,Tyaedainu44,25,Male,43,Foul Edge,3.54,23-26
366,Hirirap39,22,Male,31,Trickster,1.55,19-22
367,Eodailis27,30,Male,138,"Peacekeeper, Wit of Dark Magic",4.74,27-30
368,Ethron58,20,Male,3,Phantomlight,2.49,19-22
369,Heuli25,23,Female,137,"Aetherius, Boon of the Blessed",3.39,19-22
370,Idai61,19,Male,45,Glinting Glass Edge,3.85,15-18
371,Eusurdeu49,23,Male,155,War-Forged Gold Deflector,1.01,19-22
372,Saistyphos30,35,Male,64,Fusion Pummel,4.82,31-34
373,Aina42,25,Male,103,Singed Scalpel,4.35,23-26
374,Saisrilis27,16,Male,85,Malificent Bag,1.75,15-18
375,Hallysucal81,25,Male,181,Reaper's Toll,1.66,23-26
376,Ilimya66,33,Male,59,"Lightning, Etcher of the King",4.23,31-34
377,Raysistast71,20,Male,11,Brimstone,3.65,19-22
378,Haedairiadru51,23,Male,96,Blood-Forged Skeletal Spine,3.09,19-22
379,Tyananurgue44,18,Male,100,Blindscythe,3.27,15-18
380,Risty84,25,Male,50,Dawn,4.6,23-26
381,Aerillorin70,16,Male,83,Lifebender,3.33,15-18
382,Phistyn52,24,Male,164,Exiled Doomblade,1.63,23-26
383,Yalo85,34,Male,11,Brimstone,3.65,31-34
384,Chamirrasya33,21,Female,110,Suspension,1.44,19-22
385,Hiral75,22,Male,29,"Chaos, Ender of the End",1.98,19-22
386,Isursti83,21,Male,129,"Fate, Vengeance of Eternal Justice",1.54,19-22
387,Bartassaya73,26,Male,39,"Betrayal, Whisper of Grieving Widows",3.94,23-26
388,Aeda94,17,Male,128,"Blazeguard, Reach of Eternity",4.91,15-18
389,Quinarap53,15,Male,157,"Spada, Etcher of Hatred",4.8,10-14
390,Asur53,26,Male,75,Brutality Ivory Warmace,2.42,23-26
391,Alarap40,18,Male,20,Netherbane,3.27,15-18
392,Sida61,20,Female,181,Reaper's Toll,1.66,19-22
393,Hiarideu73,20,Male,54,Eternal Cleaver,2.5,19-22
394,Lassassasda30,12,Male,60,Wolf,3.54,10-14
395,Ennoncil86,17,Male,152,Darkheart,1.74,15-18
396,Siralsudeu54,20,Male,131,Fury,1.44,19-22
397,Eusri26,25,Male,100,Blindscythe,3.27,23-26
398,Ardcil81,34,Male,96,Blood-Forged Skeletal Spine,3.09,31-34
399,Marilsasya33,19,Male,143,Frenzied Scimitar,1.56,15-18
400,Ilarin91,22,Male,72,Winter's Bite,3.77,19-22
401,Lirtim36,15,Other / Non-Disclosed,46,Hopeless Ebon Dualblade,1.33,10-14
402,Heunadil74,23,Female,129,"Fate, Vengeance of Eternal Justice",1.54,19-22
403,Frichadar89,24,Male,162,Abyssal Shard,2.67,23-26
404,Chamirrasya33,21,Female,71,Demise,1.61,19-22
405,Aesurstilis64,25,Male,70,Hope's End,1.03,23-26
406,Idaidil28,15,Male,100,Blindscythe,3.27,10-14
407,Idai61,19,Male,131,Fury,1.44,15-18
408,Raesty92,12,Male,53,Vengeance Cleaver,2.05,10-14
409,Lisotesta51,15,Female,144,Blood Infused Guardian,1.94,10-14
410,Strithenu87,20,Male,99,"Expiration, Warscythe Of Lost Worlds",1.71,19-22
411,Lisico81,10,Male,92,Final Critic,4.19,Under 10
412,Lisiriya82,32,Male,86,Stormfury Lantern,2.27,31-34
413,Siana77,12,Male,93,Apocalyptic Battlescythe,1.97,10-14
414,Marokian45,23,Male,108,"Extraction, Quickblade Of Trembling Hands",3.53,19-22
415,Sausosia74,22,Male,120,Agatha,3.08,19-22
416,Aestysu37,25,Male,13,Serenity,1.41,23-26
417,Pheodaisun84,30,Male,98,"Deadline, Voice Of Subtlety",2.89,27-30
418,Marim28,25,Female,125,Whistling Mithril Warblade,1.0,23-26
419,Iaralrgue74,33,Male,171,Scalpel,1.79,31-34
420,Assesi91,23,Male,129,"Fate, Vengeance of Eternal Justice",1.54,19-22
421,Yadaphos40,30,Male,26,Unholy Wand,1.12,27-30
422,Eusri70,24,Female,154,Feral Katana,4.4,23-26
423,Aisurria69,24,Male,10,Sleepwalker,1.79,23-26
424,Iarilis73,10,Male,149,"Tranquility, Razor of Black Magic",1.75,Under 10
425,Raisty38,15,Male,20,Netherbane,3.27,10-14
426,Ilista82,23,Male,32,Orenmir,1.14,19-22
427,Leyirra83,24,Female,170,Shadowsteel,3.97,23-26
428,Aelly27,24,Male,14,Possessed Core,2.61,23-26
429,Aiduesu86,22,Female,179,"Wolf, Promise of the Moonwalker",4.48,19-22
430,Frichynde86,15,Male,164,Exiled Doomblade,1.63,10-14
431,Aelollo59,33,Male,172,Blade of the Grave,3.14,31-34
432,Hisridru55,18,Male,120,Agatha,3.08,15-18
433,Chamossa77,21,Male,156,Soul-Forged Steel Shortsword,1.77,19-22
434,Irillo49,20,Male,84,Arcane Gem,3.79,19-22
435,Lirtastsya71,21,Male,93,Apocalyptic Battlescythe,1.97,19-22
436,Umolrian85,32,Female,80,Dreamsong,3.39,31-34
437,Frichosiala98,24,Female,43,Foul Edge,3.54,23-26
438,Qilunan34,23,Male,145,Fiery Glass Crusader,4.58,19-22
439,Quarrion42,22,Male,59,"Lightning, Etcher of the King",4.23,19-22
440,Aisurdru79,29,Female,75,Brutality Ivory Warmace,2.42,27-30
441,Hiaral50,15,Male,156,Soul-Forged Steel Shortsword,1.77,10-14
442,Zontibe81,21,Male,84,Arcane Gem,3.79,19-22
443,Iarallo65,26,Male,149,"Tranquility, Razor of Black Magic",1.75,23-26
444,Sondassasya91,21,Female,24,Warped Fetish,3.81,19-22
445,Phaelap26,25,Female,150,Deathraze,2.85,23-26
446,Chanossast57,7,Female,119,"Stormbringer, Dark Blade of Ending Misery",4.32,Under 10
447,Yalae81,22,Male,120,Agatha,3.08,19-22
448,Chanjask65,18,Female,68,"Storm-Weaver, Slayer of Inception",4.32,15-18
449,Ethralista69,13,Male,34,Retribution Axe,2.22,10-14
450,Sondistanya61,18,Female,35,Heartless Bone Dualblade,3.45,15-18
451,Eudanu32,15,Female,122,Unending Tyranny,2.85,10-14
452,Marilsasya33,19,Male,32,Orenmir,1.14,15-18
453,Euthe35,24,Male,70,Hope's End,1.03,23-26
454,Lassimla92,25,Male,1,Crucifer,3.26,23-26
455,Lisossala30,20,Male,103,Singed Scalpel,4.35,19-22
456,Phaena87,20,Male,124,Venom Claymore,1.29,19-22
457,Eulae84,25,Male,61,Ragnarok,3.87,23-26
458,Chamadarnya73,29,Male,166,Thirsty Iron Reaver,3.07,27-30
459,Eolan54,30,Male,129,"Fate, Vengeance of Eternal Justice",1.54,27-30
460,Assistasda90,25,Male,103,Singed Scalpel,4.35,23-26
461,Ennrian78,24,Male,168,"Sun Strike, Jaws of Twisted Visions",1.48,23-26
462,Undirrasta89,20,Male,144,Blood Infused Guardian,1.94,19-22
463,Frichadaran88,25,Male,48,"Rage, Legacy of the Lone Victor",2.48,23-26
464,Rianistast50,22,Male,178,"Oathbreaker, Last Hope of the Breaking Storm",4.23,19-22
465,Sondastsda82,24,Male,4,Bloodlord's Fetish,1.7,23-26
466,Undare39,23,Male,112,Worldbreaker,2.6,19-22
467,Adairialis76,16,Male,123,Twilight's Carver,2.28,15-18
468,Aesur96,23,Male,30,Stormcaller,2.21,19-22
469,Tyialisudeu65,24,Male,148,"Warmonger, Gift of Suffering's End",4.03,23-26
470,Arirgue63,29,Male,4,Bloodlord's Fetish,1.7,27-30
471,Sundadarla27,23,Male,122,Unending Tyranny,2.85,19-22
472,Lisopela58,22,Male,18,"Torchlight, Bond of Storms",4.65,19-22
473,Eyircil84,21,Male,25,Hero Cane,4.35,19-22
474,Ina92,31,Male,145,Fiery Glass Crusader,4.58,27-30
475,Lirtistanya48,24,Male,6,Rusty Skull,3.7,23-26
476,Marassa62,21,Male,103,Singed Scalpel,4.35,19-22
477,Mindossa76,41,Male,173,Stormfury Longsword,4.93,39 and Up
478,Sondim68,22,Female,35,Heartless Bone Dualblade,3.45,19-22
479,Chanjaskan89,21,Male,60,Wolf,3.54,19-22
480,Salilis27,40,Male,59,"Lightning, Etcher of the King",4.23,39 and Up
481,Sondossa69,7,Male,179,"Wolf, Promise of the Moonwalker",4.48,Under 10
482,Sundjask71,32,Female,77,"Piety, Guardian of Riddles",4.0,31-34
483,Saistyphos30,35,Male,108,"Extraction, Quickblade Of Trembling Hands",3.53,31-34
484,Chanosian48,35,Other / Non-Disclosed,39,"Betrayal, Whisper of Grieving Widows",3.94,31-34
485,Errian63,26,Female,94,Mourning Blade,3.49,23-26
486,Eurithphos97,9,Male,53,Vengeance Cleaver,2.05,Under 10
487,Raillydeu47,14,Male,93,Apocalyptic Battlescythe,1.97,10-14
488,Malon70,23,Male,44,Bonecarvin Battle Axe,2.38,19-22
489,Jiskimsda56,28,Male,32,Orenmir,1.14,27-30
490,Idastidru52,24,Male,148,"Warmonger, Gift of Suffering's End",4.03,23-26
491,Marughi89,22,Male,22,Amnesia,2.18,19-22
492,Ingatcil75,23,Male,143,Frenzied Scimitar,1.56,19-22
493,Chanirrasta87,14,Male,139,"Mercy, Katana of Dismay",4.94,10-14
494,Alaesu77,30,Male,3,Phantomlight,2.49,27-30
495,Ermol76,24,Male,97,"Swan Song, Gouger Of Terror",2.5,23-26
496,Tyeuduen32,23,Male,79,"Alpha, Oath of Zeal",4.05,19-22
497,Yadacal26,15,Male,52,Hatred,4.84,10-14
498,Firon67,35,Male,108,"Extraction, Quickblade Of Trembling Hands",3.53,31-34
499,Iadueria43,24,Male,99,"Expiration, Warscythe Of Lost Worlds",1.71,23-26
500,Pheulidil31,20,Male,100,Blindscythe,3.27,19-22
501,Eodairu79,32,Male,151,Severance,3.4,31-34
502,Frichocesta66,20,Male,16,Restored Bauble,3.55,19-22
503,Iaralsuir44,23,Male,59,"Lightning, Etcher of the King",4.23,19-22
504,Chamilsala65,23,Female,82,Nirvana,4.9,19-22
505,Thourdirra92,19,Male,110,Suspension,1.44,15-18
506,Chadista79,30,Male,25,Hero Cane,4.35,27-30
507,Chanastnya43,22,Male,29,"Chaos, Ender of the End",1.98,19-22
508,Iskim96,16,Male,7,"Thorn, Satchel of Dark Souls",1.33,15-18
509,Inguron55,23,Male,117,"Heartstriker, Legacy of the Light",1.79,19-22
510,Eulolis41,22,Male,162,Abyssal Shard,2.67,19-22
511,Lassilsala30,21,Male,64,Fusion Pummel,4.82,19-22
512,Sastydeu50,35,Male,169,"Interrogator, Blood Blade of the Queen",2.18,31-34
513,Ilaesudil92,25,Male,25,Hero Cane,4.35,23-26
514,Yasur85,21,Male,21,Souleater,1.1,19-22
515,Haillyrgue51,7,Male,40,Second Chance,2.52,Under 10
516,Aidain51,39,Female,35,Heartless Bone Dualblade,3.45,35-38
517,Aerithnuphos61,39,Male,128,"Blazeguard, Reach of Eternity",4.91,35-38
518,Yalostiphos68,29,Male,160,Azurewrath,4.4,27-30
519,Eusri70,24,Female,140,Striker,2.94,23-26
520,Chamjask73,22,Female,109,"Downfall, Scalpel Of The Emperor",4.76,19-22
521,Phistym51,37,Male,50,Dawn,4.6,35-38
522,Meosridil82,18,Male,82,Nirvana,4.9,15-18
523,Aillyriadru65,24,Male,21,Souleater,1.1,23-26
524,Sally64,25,Female,46,Hopeless Ebon Dualblade,1.33,23-26
525,Lirtimst73,24,Male,126,Exiled Mithril Longsword,2.0,23-26
526,Ilosia37,23,Male,133,Faith's Scimitar,4.09,19-22
527,Lisim51,24,Male,102,Avenger,3.44,23-26
528,Isurria36,22,Female,19,"Pursuit, Cudgel of Necromancy",1.02,19-22
529,Silaera56,21,Male,142,Righteous Might,2.62,19-22
530,Leetirraya83,24,Male,5,Putrid Fan,4.08,23-26
531,Lirtirra81,12,Male,143,Frenzied Scimitar,1.56,10-14
532,Eryon48,16,Male,21,Souleater,1.1,15-18
533,Hada39,19,Male,48,"Rage, Legacy of the Lone Victor",2.48,15-18
534,Iana95,10,Male,146,Warped Iron Scimitar,3.1,Under 10
535,Siralsudeu54,20,Male,155,War-Forged Gold Deflector,1.01,19-22
536,Siallylis44,20,Male,92,Final Critic,4.19,19-22
537,Sondassan80,25,Male,112,Worldbreaker,2.6,23-26
538,Chanadar44,25,Male,132,Persuasion,3.19,23-26
539,Eosurdru76,11,Male,117,"Heartstriker, Legacy of the Light",1.79,10-14
540,Shidai42,29,Male,7,"Thorn, Satchel of Dark Souls",1.33,27-30
541,Aesri53,31,Male,161,Devine,1.76,27-30
542,Syally44,17,Male,22,Amnesia,2.18,15-18
543,Idastidru52,24,Male,121,Massacre,1.6,23-26
544,Ardcil81,34,Male,3,Phantomlight,2.49,31-34
545,Jiskadarst60,16,Male,66,Victor Iron Spikes,4.4,15-18
546,Sondadar26,9,Male,159,"Oathbreaker, Spellblade of Trials",3.08,Under 10
547,Malarrian73,18,Male,135,Warped Diamond Crusader,1.4,15-18
548,Yathecal82,20,Female,75,Brutality Ivory Warmace,2.42,19-22
549,Maluncil97,25,Other / Non-Disclosed,146,Warped Iron Scimitar,3.1,23-26
550,Ilunyon70,20,Male,60,Wolf,3.54,19-22
551,Iri67,20,Male,160,Azurewrath,4.4,19-22
552,Hiaral50,15,Male,155,War-Forged Gold Deflector,1.01,10-14
553,Yadam35,28,Male,2,Verdict,2.48,27-30
554,Dyally87,22,Male,63,Stormfury Mace,4.99,19-22
555,Pheosurllorin41,23,Female,7,"Thorn, Satchel of Dark Souls",1.33,19-22
556,Frichocesta66,20,Male,64,Fusion Pummel,4.82,19-22
557,Frichaya88,42,Male,8,"Purgatory, Gem of Regret",3.93,39 and Up
558,Lassadarsda57,25,Female,108,"Extraction, Quickblade Of Trembling Hands",3.53,23-26
559,Iasrira89,23,Male,34,Retribution Axe,2.22,19-22
560,Zontibe81,21,Male,2,Verdict,2.48,19-22
561,Chanastnya43,22,Male,35,Heartless Bone Dualblade,3.45,19-22
562,Marynde90,30,Male,83,Lifebender,3.33,27-30
563,Isri34,38,Male,142,Righteous Might,2.62,35-38
564,Chamjask73,22,Female,52,Hatred,4.84,19-22
565,Assastnya25,20,Male,179,"Wolf, Promise of the Moonwalker",4.48,19-22
566,Ardonmol96,20,Male,31,Trickster,1.55,19-22
567,Lassirrasda85,20,Male,102,Avenger,3.44,19-22
568,Syally44,17,Male,123,Twilight's Carver,2.28,15-18
569,Baelollodeu94,20,Female,87,"Deluge, Edge of the West",4.43,19-22
570,Chadossa56,20,Male,69,"Frenzy, Defender of the Harvest",1.98,19-22
571,Poshilsa82,16,Male,165,Bone Crushing Silver Skewer,4.86,15-18
572,Yoishirrala98,17,Female,145,Fiery Glass Crusader,4.58,15-18
573,Sundista37,26,Male,156,Soul-Forged Steel Shortsword,1.77,23-26
574,Undare39,23,Male,131,Fury,1.44,19-22
575,Sondadar26,9,Male,137,"Aetherius, Boon of the Blessed",3.39,Under 10
576,Ilassa51,20,Male,34,Retribution Axe,2.22,19-22
577,Filurarn35,19,Male,128,"Blazeguard, Reach of Eternity",4.91,15-18
578,Aerithllora36,29,Female,153,Mercenary Sabre,3.74,27-30
579,Marilsa69,25,Female,12,Dawne,1.02,23-26
580,Tyida79,24,Male,178,"Oathbreaker, Last Hope of the Breaking Storm",4.23,23-26
581,Phaestycal84,23,Male,117,"Heartstriker, Legacy of the Light",1.79,19-22
582,Irilis75,20,Male,19,"Pursuit, Cudgel of Necromancy",1.02,19-22
583,Aeralstical35,20,Male,49,"The Oculus, Token of Lost Worlds",2.96,19-22
584,Aelin32,20,Male,115,Spectral Diamond Doomblade,2.04,19-22
585,Chanirrala39,22,Male,85,Malificent Bag,1.75,19-22
586,Chanirra79,23,Female,155,War-Forged Gold Deflector,1.01,19-22
587,Assirra56,22,Male,132,Persuasion,3.19,19-22
588,Lassadarsda57,25,Female,15,Soul Infused Crystal,2.96,23-26
589,Seolollo93,30,Male,106,Crying Steel Sickle,3.41,27-30
590,Iathem87,20,Male,132,Persuasion,3.19,19-22
591,Iasurriacal29,20,Male,113,Solitude's Reaver,4.07,19-22
592,Lisast98,22,Male,170,Shadowsteel,3.97,19-22
593,Lassimla92,25,Male,128,"Blazeguard, Reach of Eternity",4.91,23-26
594,Filrion59,27,Male,89,"Blazefury, Protector of Delusions",4.64,23-26
595,Yathedeu43,22,Male,55,Vindictive Glass Edge,2.27,19-22
596,Seudaillorap38,27,Male,146,Warped Iron Scimitar,3.1,23-26
597,Quinarap53,15,Male,86,Stormfury Lantern,2.27,10-14
598,Halaecal66,22,Male,111,Misery's End,4.89,19-22
599,Hiaral50,15,Male,13,Serenity,1.41,10-14
600,Iskosian40,16,Male,166,Thirsty Iron Reaver,3.07,15-18
601,Ilastilis78,11,Male,93,Apocalyptic Battlescythe,1.97,10-14
602,Seosrim97,20,Male,65,Conqueror Adamantite Mace,4.24,19-22
603,Lisosia93,25,Male,132,Persuasion,3.19,23-26
604,Lisim51,24,Male,34,Retribution Axe,2.22,23-26
605,Farrian71,18,Male,159,"Oathbreaker, Spellblade of Trials",3.08,15-18
606,Nitherian58,28,Male,123,Twilight's Carver,2.28,27-30
607,Rithe53,15,Female,80,Dreamsong,3.39,10-14
608,Leyirra83,24,Female,132,Persuasion,3.33,23-26
609,Lisosia93,25,Male,40,Second Chance,2.52,23-26
610,Frichossala54,7,Male,159,"Oathbreaker, Spellblade of Trials",3.08,Under 10
611,Chamjaskya75,16,Male,176,Relentless Iron Skewer,2.84,15-18
612,Silaera56,21,Male,52,Hatred,4.84,19-22
613,Quanrion96,21,Female,159,"Oathbreaker, Spellblade of Trials",3.08,19-22
614,Chadadarla74,30,Male,65,Conqueror Adamantite Mace,4.24,27-30
615,Sida61,20,Female,72,Winter's Bite,3.77,19-22
616,Tyaelaelis94,20,Male,78,"Glimmer, Ender of the Moon",4.4,19-22
617,Chamimla85,16,Male,40,Second Chance,2.52,15-18
618,Aisurdru79,29,Female,183,Dragon's Greatsword,1.09,27-30
619,Quanenrian83,15,Male,55,Vindictive Glass Edge,2.27,10-14
620,Undosian34,21,Male,109,"Downfall, Scalpel Of The Emperor",4.76,19-22
621,Seosrim97,20,Male,26,Unholy Wand,1.12,19-22
622,Chanirra64,25,Male,129,"Fate, Vengeance of Eternal Justice",1.54,23-26
623,Iral74,21,Male,114,Yearning Mageblade,3.82,19-22
624,Marynde90,30,Male,29,"Chaos, Ender of the End",1.98,27-30
625,Yadaisuir65,20,Male,133,Faith's Scimitar,4.09,19-22
626,Syathecal44,16,Male,75,Brutality Ivory Warmace,2.42,15-18
627,Arin32,25,Male,178,"Oathbreaker, Last Hope of the Breaking Storm",4.23,23-26
628,Hada39,19,Male,167,"Malice, Legacy of the Queen",3.61,15-18
629,Maluncil97,25,Other / Non-Disclosed,107,"Splitter, Foe Of Subtlety",2.18,23-26
630,Aelaria33,23,Male,171,Scalpel,1.79,19-22
631,Assassa81,27,Male,137,"Aetherius, Boon of the Blessed",3.39,23-26
632,Filrion83,17,Male,160,Azurewrath,4.4,15-18
633,Chanastnya43,22,Male,80,Dreamsong,3.39,19-22
634,Eoral49,16,Male,103,Singed Scalpel,4.35,15-18
635,Ali84,29,Male,4,Bloodlord's Fetish,1.7,27-30
636,Chanirrala39,22,Male,78,"Glimmer, Ender of the Moon",4.4,19-22
637,Airi27,24,Other / Non-Disclosed,163,Thunderfury Scimitar,3.45,23-26
638,Eurisuru25,24,Male,22,Amnesia,2.18,23-26
639,Liawista80,27,Male,86,Stormfury Lantern,2.27,23-26
640,Sausosia74,22,Male,108,"Extraction, Quickblade Of Trembling Hands",3.53,19-22
641,Lisirra58,20,Female,49,"The Oculus, Token of Lost Worlds",2.96,19-22
642,Chamadarsda63,23,Male,127,"Heartseeker, Reaver of Souls",3.92,19-22
643,Haestyphos66,21,Male,93,Apocalyptic Battlescythe,1.97,19-22
644,Bartassaya73,26,Male,22,Amnesia,2.18,23-26
645,Phaedasurap84,17,Male,114,Yearning Mageblade,3.82,15-18
646,Mindimnya67,23,Male,116,Renewed Skeletal Katana,4.18,19-22
647,Chadjask85,24,Male,61,Ragnarok,3.87,23-26
648,Eustyria89,39,Male,150,Deathraze,2.85,35-38
649,Iskim66,15,Male,67,"Celeste, Incarnation of the Corrupted",3.46,10-14
650,Smaistysu35,30,Male,161,Devine,1.76,27-30
651,Lirtilsa72,24,Male,132,Persuasion,3.33,23-26
652,Pheosrinudeu70,20,Male,75,Brutality Ivory Warmace,2.42,19-22
653,Chamast86,32,Female,53,Vengeance Cleaver,2.05,31-34
654,Tyialisudeu65,24,Male,19,"Pursuit, Cudgel of Necromancy",1.02,23-26
655,Lirtassan78,15,Male,20,Netherbane,3.27,10-14
656,Ethrasyon38,26,Male,115,Spectral Diamond Doomblade,2.04,23-26
657,Silaera56,21,Male,19,"Pursuit, Cudgel of Necromancy",1.02,19-22
658,Quilassa66,7,Female,178,"Oathbreaker, Last Hope of the Breaking Storm",4.23,Under 10
659,Lisassasda39,36,Male,140,Striker,2.94,35-38
660,Isri34,38,Male,103,Singed Scalpel,4.35,35-38
661,Strithenu87,20,Male,60,Wolf,3.54,19-22
662,Mindilsa60,21,Male,0,Splinter,1.28,19-22
663,Lalossa38,25,Male,72,Winter's Bite,3.77,23-26
664,Chamistast30,31,Male,47,"Alpha, Reach of Ending Hope",3.58,27-30
665,Hariphos58,17,Male,73,Ritual Mace,2.05,15-18
666,Assilsan72,20,Female,82,Nirvana,4.9,19-22
667,Inasuir29,40,Female,66,Victor Iron Spikes,4.4,39 and Up
668,Chanilsasda38,15,Male,40,Second Chance,2.52,10-14
669,Mindesi74,22,Male,45,Glinting Glass Edge,3.85,19-22
670,Aiduecal76,20,Male,120,Agatha,3.08,19-22
671,Caesrinusuir82,30,Male,152,Darkheart,1.74,27-30
672,Ililsan66,9,Male,122,Unending Tyranny,2.85,Under 10
673,Idacal95,30,Male,130,Alpha,2.07,27-30
674,Aeral68,43,Male,77,"Piety, Guardian of Riddles",4.0,39 and Up
675,Lirtastsda29,16,Male,144,Blood Infused Guardian,1.94,15-18
676,Idastidru52,24,Male,111,Misery's End,4.89,23-26
677,Tyarithn67,27,Male,32,Orenmir,1.14,23-26
678,Rarallo90,33,Male,108,"Extraction, Quickblade Of Trembling Hands",3.53,31-34
679,Iarilis73,10,Male,153,Mercenary Sabre,3.74,Under 10
680,Asty82,25,Male,96,Blood-Forged Skeletal Spine,3.09,23-26
681,Yalaeria91,33,Male,28,"Flux, Destroyer of Due Diligence",1.06,31-34
682,Lirtossa60,24,Male,135,Warped Diamond Crusader,1.4,23-26
683,Ialallo29,15,Female,145,Fiery Glass Crusader,4.58,10-14
684,Phaestycal84,23,Male,169,"Interrogator, Blood Blade of the Queen",2.18,19-22
685,Halaecal66,22,Male,34,Retribution Axe,2.22,19-22
686,Chadjask77,8,Male,147,"Hellreaver, Heirloom of Inception",4.93,Under 10
687,Ealiril69,35,Male,78,"Glimmer, Ender of the Moon",4.4,31-34
688,Saistyphos30,35,Male,29,"Chaos, Ender of the End",1.98,31-34
689,Undjaskla97,33,Male,76,Haunted Bronzed Bludgeon,3.15,31-34
690,Idaidil28,15,Male,68,"Storm-Weaver, Slayer of Inception",4.32,10-14
691,Lirtistanya48,24,Male,112,Worldbreaker,2.6,23-26
692,Quaecjask96,9,Male,78,"Glimmer, Ender of the Moon",4.4,Under 10
693,Firatan58,23,Male,88,"Emberling, Defender of Delusions",3.75,19-22
694,Mindesi74,22,Male,164,Exiled Doomblade,1.63,19-22
695,Lamil79,38,Male,111,Misery's End,4.89,35-38
696,Yarolwen77,30,Male,87,"Deluge, Edge of the West",4.43,27-30
697,Tyaelistidru84,19,Female,1,Crucifer,3.26,15-18
698,Yarithrin84,30,Female,58,"Freak's Bite, Favor of Holy Might",4.14,27-30
699,Tyaelly53,17,Female,130,Alpha,2.07,15-18
700,Chanosia60,31,Male,90,Betrayer,2.94,27-30
701,Phiristi62,25,Male,10,Sleepwalker,1.79,23-26
702,Ililsasya43,19,Male,12,Dawne,1.02,15-18
703,Aithelis62,21,Male,160,Azurewrath,4.4,19-22
704,Undotesta33,18,Male,95,Singed Onyx Warscythe,4.74,15-18
705,Aelidru27,22,Male,183,Dragon's Greatsword,1.09,19-22
706,Chanossanya44,20,Male,178,"Oathbreaker, Last Hope of the Breaking Storm",4.23,19-22
707,Maradarnya40,20,Male,38,"The Void, Vengeance of Dark Magic",2.37,19-22
708,Lirtastsya71,21,Male,67,"Celeste, Incarnation of the Corrupted",3.46,19-22
709,Lisast87,19,Male,75,Brutality Ivory Warmace,2.42,15-18
710,Lisossa25,22,Male,99,"Expiration, Warscythe Of Lost Worlds",1.71,19-22
711,Chadolyla44,20,Male,94,Mourning Blade,3.49,19-22
712,Lisilsa62,25,Male,92,Final Critic,4.88,23-26
713,Iasur80,22,Male,46,Hopeless Ebon Dualblade,1.33,19-22
714,Tyidaim51,16,Female,103,Singed Scalpel,4.35,15-18
715,Eusurdeu49,23,Male,8,"Purgatory, Gem of Regret",3.93,19-22
716,Saena89,23,Male,106,Crying Steel Sickle,3.41,19-22
717,Chanilsast61,30,Male,177,"Winterthorn, Defender of Shifting Worlds",2.08,27-30
718,Ilirrasda54,37,Male,20,Netherbane,3.27,35-38
719,Sundassa93,16,Male,158,"Darkheart, Butcher of the Champion",2.45,15-18
720,Aidai73,19,Male,159,"Oathbreaker, Spellblade of Trials",3.08,15-18
721,Indirrian56,20,Male,156,Soul-Forged Steel Shortsword,1.77,19-22
722,Ilarin91,22,Male,92,Final Critic,4.88,19-22
723,Lisista54,21,Male,177,"Winterthorn, Defender of Shifting Worlds",2.08,19-22
724,Lisassasta50,25,Male,144,Blood Infused Guardian,1.94,23-26
725,Malunil62,18,Male,72,Winter's Bite,3.77,15-18
726,Iduelis31,23,Male,21,Souleater,1.1,19-22
727,Yathecal82,20,Female,104,Gladiator's Glaive,1.93,19-22
728,Chanosiaya39,44,Male,93,Apocalyptic Battlescythe,1.97,39 and Up
729,Assylla81,20,Male,74,Yearning Crusher,4.18,19-22
730,Aidaira26,30,Male,178,"Oathbreaker, Last Hope of the Breaking Storm",4.23,27-30
731,Eudanu84,22,Female,12,Dawne,1.02,19-22
732,Eurithphos97,9,Male,97,"Swan Song, Gouger Of Terror",2.5,Under 10
733,Chamiman85,20,Male,66,Victor Iron Spikes,4.4,19-22
734,Arin32,25,Male,165,Bone Crushing Silver Skewer,4.86,23-26
735,Leetirraya83,24,Male,54,Eternal Cleaver,2.5,23-26
736,Tyialisti80,23,Male,58,"Freak's Bite, Favor of Holy Might",4.14,19-22
737,Marundi65,22,Male,149,"Tranquility, Razor of Black Magic",1.75,19-22
738,Eusur90,36,Male,121,Massacre,1.6,35-38
739,Mindirranya33,35,Male,61,Ragnarok,3.87,31-34
740,Reunasu60,22,Female,127,"Heartseeker, Reaver of Souls",3.92,19-22
741,Phiallylis33,19,Male,145,Fiery Glass Crusader,4.58,15-18
742,Isty55,20,Male,5,Putrid Fan,4.08,19-22
743,Frichilsa31,15,Male,110,Suspension,1.44,10-14
744,Chanastst38,22,Male,94,Mourning Blade,3.49,19-22
745,Chanista95,39,Male,37,"Shadow Strike, Glory of Ending Hope",3.16,35-38
746,Aellyria80,23,Male,159,"Oathbreaker, Spellblade of Trials",3.08,19-22
747,Siarithria38,38,Other / Non-Disclosed,146,Warped Iron Scimitar,3.1,35-38
748,Rastynusuir31,20,Male,55,Vindictive Glass Edge,2.27,19-22
749,Chanossanya44,20,Male,53,Vengeance Cleaver,2.05,19-22
750,Iljask75,22,Male,167,"Malice, Legacy of the Queen",3.61,19-22
751,Lisjaskan36,11,Male,30,Stormcaller,3.36,10-14
752,Mindjasksya61,17,Male,112,Worldbreaker,2.6,15-18
753,Frichirranya75,36,Male,178,"Oathbreaker, Last Hope of the Breaking Storm",4.23,35-38
754,Pheosurllorin41,23,Female,79,"Alpha, Oath of Zeal",4.05,19-22
755,Raesty92,12,Male,76,Haunted Bronzed Bludgeon,3.15,10-14
756,Ilast79,20,Male,73,Ritual Mace,2.05,19-22
757,Eratiel90,18,Male,57,"Despair, Favor of Due Diligence",4.6,15-18
758,Iral74,21,Male,182,Toothpick,4.03,19-22
759,Tyaelorap29,25,Male,72,Winter's Bite,3.77,23-26
760,Aithelis62,21,Male,44,Bonecarvin Battle Axe,2.38,19-22
761,Assim27,45,Male,17,"Lazarus, Terror of the Earth",1.7,39 and Up
762,Asur53,26,Male,110,Suspension,1.44,23-26
763,Lassilsala30,21,Male,85,Malificent Bag,1.75,19-22
764,Saedaiphos46,18,Male,113,Solitude's Reaver,4.07,15-18
765,Irith83,18,Male,130,Alpha,2.07,15-18
766,Aelastirin39,23,Male,58,"Freak's Bite, Favor of Holy Might",4.14,19-22
767,Ilmol66,8,Female,92,Final Critic,4.88,Under 10
768,Assassasta79,38,Male,92,Final Critic,4.88,35-38
769,Ilosian36,15,Male,145,Fiery Glass Crusader,4.58,10-14
770,Lirtosia63,34,Male,12,Dawne,1.02,31-34
771,Iskossasda43,16,Male,25,Hero Cane,4.35,15-18
772,Asur53,26,Male,136,Ghastly Adamantite Protector,3.58,23-26
773,Hala31,21,Male,19,"Pursuit, Cudgel of Necromancy",1.02,19-22
774,Jiskjask80,11,Male,92,Final Critic,4.19,10-14
775,Aethedru70,21,Female,60,Wolf,3.54,19-22
776,Iral74,21,Male,164,Exiled Doomblade,1.63,19-22
777,Yathecal72,20,Male,67,"Celeste, Incarnation of the Corrupted",3.46,19-22
778,Sisur91,7,Male,92,Final Critic,4.19,Under 10
779,Ennrian78,24,Male,50,Dawn,4.6,23-26
